biome_name,agent,year_nr,fitted,intercept,model_type,AIC,breakpoint,breakpoint_se,bp_ci_low,bp_ci_high,slope,slope_se,slope_ci_low,slope_ci_high,year,slope_year,combined_se,lower_95,upper_95,fitted_upper,fitted_lower
Temperate,Natural,1,76.21008803685615,76.72843259310632,segmented,321.2173951182722,29.962339500646106,1.6173493029022563,26.792334866957685,33.13234413433453,-0.51834,0.30643,-1.1189428000000001,0.08226279999999997,1985,72.9492338656895,4.0543674875179185,65.00267359015437,80.89579414122461,75.60948979310632,76.81069539310631
Temperate,Natural,2,75.69174348060598,76.72843259310632,segmented,321.2173951182722,29.962339500646106,1.6173493029022563,26.792334866957685,33.13234413433453,-0.51834,0.30643,-1.1189428000000001,0.08226279999999997,1986,64.7159533517472,4.009765263674718,56.856813434944755,72.57509326854965,74.49054699310632,76.89295819310632
Temperate,Natural,3,75.17339892435581,76.72843259310632,segmented,321.2173951182722,29.962339500646106,1.6173493029022563,26.792334866957685,33.13234413433453,-0.51834,0.30643,-1.1189428000000001,0.08226279999999997,1987,75.94105523757075,4.06170462683491,67.98011416897432,83.90199630616718,73.37160419310632,76.97522099310632
Temperate,Natural,4,74.65505436810562,76.72843259310632,segmented,321.2173951182722,29.962339500646106,1.6173493029022563,26.792334866957685,33.13234413433453,-0.51834,0.30643,-1.1189428000000001,0.08226279999999997,1988,76.48208394980016,4.013533062170649,68.61555914794569,84.34860875165462,72.25266139310632,77.05748379310631
Temperate,Natural,5,74.13670981185545,76.72843259310632,segmented,321.2173951182722,29.962339500646106,1.6173493029022563,26.792334866957685,33.13234413433453,-0.51834,0.30643,-1.1189428000000001,0.08226279999999997,1989,65.2465101953926,3.99915388875209,57.40816857343851,73.0848518173467,71.13371859310632,77.13974659310632
Temperate,Natural,6,73.61836525560528,76.72843259310632,segmented,321.2173951182722,29.962339500646106,1.6173493029022563,26.792334866957685,33.13234413433453,-0.51834,0.30643,-1.1189428000000001,0.08226279999999997,1990,83.16399494107128,3.986277882806077,75.35089029077137,90.9770995913712,70.01477579310632,77.22200939310632
Temperate,Natural,7,73.10002069935511,76.72843259310632,segmented,321.2173951182722,29.962339500646106,1.6173493029022563,26.792334866957685,33.13234413433453,-0.51834,0.30643,-1.1189428000000001,0.08226279999999997,1991,81.04298305142993,4.072125219986205,73.06161762025697,89.02434848260289,68.89583299310632,77.30427219310631
Temperate,Natural,8,72.58167614310493,76.72843259310632,segmented,321.2173951182722,29.962339500646106,1.6173493029022563,26.792334866957685,33.13234413433453,-0.51834,0.30643,-1.1189428000000001,0.08226279999999997,1992,75.12656797632857,4.0301241478649334,67.2275246465133,83.02561130614384,67.77689019310631,77.38653499310632
Temperate,Natural,9,72.06333158685476,76.72843259310632,segmented,321.2173951182722,29.962339500646106,1.6173493029022563,26.792334866957685,33.13234413433453,-0.51834,0.30643,-1.1189428000000001,0.08226279999999997,1993,66.14289717826811,4.014895429963958,58.273702135538755,74.01209222099747,66.65794739310633,77.46879779310632
Temperate,Natural,10,71.54498703060459,76.72843259310632,segmented,321.2173951182722,29.962339500646106,1.6173493029022563,26.792334866957685,33.13234413433453,-0.51834,0.30643,-1.1189428000000001,0.08226279999999997,1994,81.83504894015962,4.034452439714738,73.92752215831874,89.74257572200051,65.53900459310631,77.55106059310631
Temperate,Natural,11,71.02664247435442,76.72843259310632,segmented,321.2173951182722,29.962339500646106,1.6173493029022563,26.792334866957685,33.13234413433453,-0.51834,0.30643,-1.1189428000000001,0.08226279999999997,1995,65.51639495985971,4.0698426944511805,57.539503278735395,73.49328664098402,64.42006179310631,77.63332339310632
Temperate,Natural,12,70.50829791810423,76.72843259310632,segmented,321.2173951182722,29.962339500646106,1.6173493029022563,26.792334866957685,33.13234413433453,-0.51834,0.30643,-1.1189428000000001,0.08226279999999997,1996,60.27818123862895,4.001167766710054,52.43589241587725,68.12047006138066,63.301118993106314,77.71558619310632
Temperate,Natural,13,69.98995336185406,76.72843259310632,segmented,321.2173951182722,29.962339500646106,1.6173493029022563,26.792334866957685,33.13234413433453,-0.51834,0.30643,-1.1189428000000001,0.08226279999999997,1997,65.66826259638293,4.016328216797014,57.796259291460785,73.54026590130508,62.182176193106315,77.79784899310631
Temperate,Natural,14,69.47160880560389,76.72843259310632,segmented,321.2173951182722,29.962339500646106,1.6173493029022563,26.792334866957685,33.13234413433453,-0.51834,0.30643,-1.1189428000000001,0.08226279999999997,1998,92.02980798223491,4.073964972015075,84.04483663708538,100.01477932738447,61.063233393106316,77.88011179310632
Temperate,Natural,15,68.95326424935372,76.72843259310632,segmented,321.2173951182722,29.962339500646106,1.6173493029022563,26.792334866957685,33.13234413433453,-0.51834,0.30643,-1.1189428000000001,0.08226279999999997,1999,74.49188444524445,4.0758731474955825,66.5031730761531,82.4805958143358,59.94429059310632,77.96237459310632
Temperate,Natural,16,68.43491969310355,76.72843259310632,segmented,321.2173951182722,29.962339500646106,1.6173493029022563,26.792334866957685,33.13234413433453,-0.51834,0.30643,-1.1189428000000001,0.08226279999999997,2000,60.293639033775406,3.9736318712191543,52.505320566185866,68.08195750136495,58.82534779310632,78.04463739310631
Temperate,Natural,17,67.91657513685337,76.72843259310632,segmented,321.2173951182722,29.962339500646106,1.6173493029022563,26.792334866957685,33.13234413433453,-0.51834,0.30643,-1.1189428000000001,0.08226279999999997,2001,62.177812194382014,4.093808356956062,54.153947814748136,70.20167657401589,57.70640499310632,78.12690019310632
Temperate,Natural,18,67.3982305806032,76.72843259310632,segmented,321.2173951182722,29.962339500646106,1.6173493029022563,26.792334866957685,33.13234413433453,-0.51834,0.30643,-1.1189428000000001,0.08226279999999997,2002,62.90844560618507,4.055748592754331,54.95917836438658,70.85771284798356,56.58746219310632,78.20916299310632
Temperate,Natural,19,66.87988602435303,76.72843259310632,segmented,321.2173951182722,29.962339500646106,1.6173493029022563,26.792334866957685,33.13234413433453,-0.51834,0.30643,-1.1189428000000001,0.08226279999999997,2003,72.17956714570673,4.023483054412828,64.29354035905759,80.06559393235587,55.46851939310632,78.29142579310631
Temperate,Natural,20,66.36154146810284,76.72843259310632,segmented,321.2173951182722,29.962339500646106,1.6173493029022563,26.792334866957685,33.13234413433453,-0.51834,0.30643,-1.1189428000000001,0.08226279999999997,2004,72.78101454560033,4.064602519974081,64.81439360645113,80.74763548474952,54.34957659310632,78.37368859310632
Temperate,Natural,21,65.84319691185267,76.72843259310632,segmented,321.2173951182722,29.962339500646106,1.6173493029022563,26.792334866957685,33.13234413433453,-0.51834,0.30643,-1.1189428000000001,0.08226279999999997,2005,67.86969106650946,3.990380599074155,60.04854509232412,75.6908370406948,53.23063379310632,78.45595139310632
Temperate,Natural,22,65.3248523556025,76.72843259310632,segmented,321.2173951182722,29.962339500646106,1.6173493029022563,26.792334866957685,33.13234413433453,-0.51834,0.30643,-1.1189428000000001,0.08226279999999997,2006,59.91708892735942,4.010574362644754,52.0563631765757,67.77781467814314,52.111690993106315,78.53821419310631
Temperate,Natural,23,64.80650779935233,76.72843259310632,segmented,321.2173951182722,29.962339500646106,1.6173493029022563,26.792334866957685,33.13234413433453,-0.51834,0.30643,-1.1189428000000001,0.08226279999999997,2007,81.39287310465329,3.988524147784023,73.57536577499661,89.21038043430997,50.992748193106316,78.62047699310632
Temperate,Natural,24,64.28816324310216,76.72843259310632,segmented,321.2173951182722,29.962339500646106,1.6173493029022563,26.792334866957685,33.13234413433453,-0.51834,0.30643,-1.1189428000000001,0.08226279999999997,2008,62.883155605845054,4.0706899912396635,54.904603223015314,70.8617079886748,49.873805393106316,78.70273979310632
Temperate,Natural,25,63.769818686851984,76.72843259310632,segmented,321.2173951182722,29.962339500646106,1.6173493029022563,26.792334866957685,33.13234413433453,-0.51834,0.30643,-1.1189428000000001,0.08226279999999997,2009,42.18801773002773,3.991051908258037,34.36555598984197,50.010479470213475,48.75486259310632,78.78500259310631
Temperate,Natural,26,63.25147413060181,76.72843259310632,segmented,321.2173951182722,29.962339500646106,1.6173493029022563,26.792334866957685,33.13234413433453,-0.51834,0.30643,-1.1189428000000001,0.08226279999999997,2010,84.5977490272387,4.077085392365847,76.60666165820165,92.58883639627577,47.63591979310632,78.86726539310632
Temperate,Natural,27,62.733129574351636,76.72843259310632,segmented,321.2173951182722,29.962339500646106,1.6173493029022563,26.792334866957685,33.13234413433453,-0.51834,0.30643,-1.1189428000000001,0.08226279999999997,2011,69.64669754155257,4.023543053663514,61.76055315637208,77.53284192673306,46.51697699310631,78.94952819310632
Temperate,Natural,28,62.21478501810146,76.72843259310632,segmented,321.2173951182722,29.962339500646106,1.6173493029022563,26.792334866957685,33.13234413433453,-0.51834,0.30643,-1.1189428000000001,0.08226279999999997,2012,50.01282157463631,4.053291450432212,42.068370331789176,57.95727281748345,45.39803419310631,79.03179099310631
Temperate,Natural,29,61.69644046185129,76.72843259310632,segmented,321.2173951182722,29.962339500646106,1.6173493029022563,26.792334866957685,33.13234413433453,-0.51834,0.30643,-1.1189428000000001,0.08226279999999997,2013,50.165230612434875,4.030716672111774,42.2650259350958,58.06543528977395,44.27909139310631,79.11405379310632
Temperate,Natural,30,61.40413246264989,76.72843259310632,segmented,321.2173951182722,29.962339500646106,1.6173493029022563,26.792334866957685,33.13234413433453,5.4836,1.52,2.5044,8.4628,2014,50.62125444747678,4.052465253405734,42.67842255080154,58.56408634415202,151.86043259310634,330.6124325931063
Temperate,Natural,31,66.88774117113793,76.72843259310632,segmented,321.2173951182722,29.962339500646106,1.6173493029022563,26.792334866957685,33.13234413433453,5.4836,1.52,2.5044,8.4628,2015,61.150274726658175,4.07873321908405,53.155957617253435,69.14459183606292,154.3648325931063,339.0752325931063
Temperate,Natural,32,72.37134987962598,76.72843259310632,segmented,321.2173951182722,29.962339500646106,1.6173493029022563,26.792334866957685,33.13234413433453,5.4836,1.52,2.5044,8.4628,2016,90.84196653636316,4.053055130354372,82.89797848086859,98.78595459185772,156.86923259310632,347.5380325931063
Temperate,Natural,33,77.85495858811402,76.72843259310632,segmented,321.2173951182722,29.962339500646106,1.6173493029022563,26.792334866957685,33.13234413433453,5.4836,1.52,2.5044,8.4628,2017,62.35806614163013,4.0163123485438135,54.48609393848426,70.230038344776,159.37363259310632,356.00083259310634
Temperate,Natural,34,83.33856729660206,76.72843259310632,segmented,321.2173951182722,29.962339500646106,1.6173493029022563,26.792334866957685,33.13234413433453,5.4836,1.52,2.5044,8.4628,2018,72.74890714166203,3.9809279049639046,64.94628844793277,80.55152583539129,161.8780325931063,364.4636325931063
Temperate,Natural,35,88.82217600509011,76.72843259310632,segmented,321.2173951182722,29.962339500646106,1.6173493029022563,26.792334866957685,33.13234413433453,5.4836,1.52,2.5044,8.4628,2019,94.09417288604604,4.0107628075783746,86.23307778319243,101.95526798889964,164.38243259310633,372.9264325931063
Temperate,Natural,36,94.30578471357816,76.72843259310632,segmented,321.2173951182722,29.962339500646106,1.6173493029022563,26.792334866957685,33.13234413433453,5.4836,1.52,2.5044,8.4628,2020,124.13063793213138,3.986377497699897,116.31733803663958,131.9439378276232,166.8868325931063,381.38923259310633
Temperate,Natural,37,99.7893934220662,76.72843259310632,segmented,321.2173951182722,29.962339500646106,1.6173493029022563,26.792334866957685,33.13234413433453,5.4836,1.52,2.5044,8.4628,2021,130.47944524326385,4.009398727633612,122.62102373710196,138.3378667494257,169.39123259310634,389.85203259310634
Temperate,Natural,38,105.27300213055423,76.72843259310632,segmented,321.2173951182722,29.962339500646106,1.6173493029022563,26.792334866957685,33.13234413433453,5.4836,1.52,2.5044,8.4628,2022,92.911320292535,3.98001026754245,85.11050016815179,100.7121404169182,171.8956325931063,398.3148325931063
Temperate,Natural,39,110.75661083904228,76.72843259310632,segmented,321.2173951182722,29.962339500646106,1.6173493029022563,26.792334866957685,33.13234413433453,5.4836,1.52,2.5044,8.4628,2023,81.467670766236,3.9932107115054225,73.64097777168537,89.29436376078662,174.40003259310632,406.7776325931063
Temperate,Harvest,1,67.26533668321953,67.1137710824055,linear,237.3167312409676,NA,NA,NA,NA,0.15156560081412337,0.06859210398880988,0.017125076996056005,0.2860061246321908,1985,64.77379105809031,1.358050497739568,62.11201208252075,67.43557003365986,67.13089615940156,67.3997772070377
Temperate,Harvest,2,67.41690228403374,67.1137710824055,linear,237.3167312409676,NA,NA,NA,NA,0.15156560081412337,0.06859210398880988,0.017125076996056005,0.2860061246321908,1986,71.76748787579834,1.2763993284863844,69.26574519196502,74.26923055963165,67.148021236397625,67.68578333166988
Temperate,Harvest,3,67.56846788484786,67.1137710824055,linear,237.3167312409676,NA,NA,NA,NA,0.15156560081412337,0.06859210398880988,0.017125076996056005,0.2860061246321908,1987,66.7287229112472,1.3028446250976955,64.17514744605572,69.28229837643869,67.16514631339368,67.97178945630208
Temperate,Harvest,4,67.72003348566199,67.1137710824055,linear,237.3167312409676,NA,NA,NA,NA,0.15156560081412337,0.06859210398880988,0.017125076996056005,0.2860061246321908,1988,67.22485952090312,1.288874393347165,64.69866570994267,69.75105333186357,67.18227139038973,68.25779558093427
Temperate,Harvest,5,67.87159908647611,67.1137710824055,linear,237.3167312409676,NA,NA,NA,NA,0.15156560081412337,0.06859210398880988,0.017125076996056005,0.2860061246321908,1989,66.74293032308036,1.295039784319204,64.20465234581472,69.281208300346,67.19939646738578,68.54380170556647
Temperate,Harvest,6,68.02316468729023,67.1137710824055,linear,237.3167312409676,NA,NA,NA,NA,0.15156560081412337,0.06859210398880988,0.017125076996056005,0.2860061246321908,1990,71.59268199722455,1.28623473478243,69.07166191705099,74.1137020773981,67.21652154438185,68.82980783019865
Temperate,Harvest,7,68.17473028810436,67.1137710824055,linear,237.3167312409676,NA,NA,NA,NA,0.15156560081412337,0.06859210398880988,0.017125076996056005,0.2860061246321908,1991,71.68399244690215,1.3750282579306876,68.988937061358,74.3790478324463,67.2336466213779,69.11581395483084
Temperate,Harvest,8,68.32629588891848,67.1137710824055,linear,237.3167312409676,NA,NA,NA,NA,0.15156560081412337,0.06859210398880988,0.017125076996056005,0.2860061246321908,1992,70.60744185999474,1.2325398289067735,68.19166379533746,73.02321992465201,67.25077169837395,69.40182007946304
Temperate,Harvest,9,68.4778614897326,67.1137710824055,linear,237.3167312409676,NA,NA,NA,NA,0.15156560081412337,0.06859210398880988,0.017125076996056005,0.2860061246321908,1993,61.366893271749866,1.3382133684349842,58.7439950696173,63.989791473882434,67.26789677537,69.68782620409522
Temperate,Harvest,10,68.62942709054673,67.1137710824055,linear,237.3167312409676,NA,NA,NA,NA,0.15156560081412337,0.06859210398880988,0.017125076996056005,0.2860061246321908,1994,71.24847843310964,1.309361640665301,68.68212961740565,73.81482724881363,67.28502185236607,69.97383232872741
Temperate,Harvest,11,68.78099269136085,67.1137710824055,linear,237.3167312409676,NA,NA,NA,NA,0.15156560081412337,0.06859210398880988,0.017125076996056005,0.2860061246321908,1995,73.18709004099478,1.3760237499564414,70.49008349108016,75.8840965909094,67.30214692936212,70.2598384533596
Temperate,Harvest,12,68.93255829217497,67.1137710824055,linear,237.3167312409676,NA,NA,NA,NA,0.15156560081412337,0.06859210398880988,0.017125076996056005,0.2860061246321908,1996,63.818307553043134,1.3231762879117046,61.22488202873619,66.41173307735008,67.31927200635818,70.5458445779918
Temperate,Harvest,13,69.0841238929891,67.1137710824055,linear,237.3167312409676,NA,NA,NA,NA,0.15156560081412337,0.06859210398880988,0.017125076996056005,0.2860061246321908,1997,67.32474675469177,1.3372425660108485,64.7037513253105,69.94574218407304,67.33639708335423,70.83185070262398
Temperate,Harvest,14,69.23568949380322,67.1137710824055,linear,237.3167312409676,NA,NA,NA,NA,0.15156560081412337,0.06859210398880988,0.017125076996056005,0.2860061246321908,1998,68.35462269912213,1.3602842926223797,65.68846548558227,71.020779912662,67.3535221603503,71.11785682725618
Temperate,Harvest,15,69.38725509461734,67.1137710824055,linear,237.3167312409676,NA,NA,NA,NA,0.15156560081412337,0.06859210398880988,0.017125076996056005,0.2860061246321908,1999,77.44377539367913,1.3660306023674975,74.76635541303884,80.12119537431943,67.37064723734635,71.40386295188837
Temperate,Harvest,16,69.53882069543147,67.1137710824055,linear,237.3167312409676,NA,NA,NA,NA,0.15156560081412337,0.06859210398880988,0.017125076996056005,0.2860061246321908,2000,60.075861397500134,1.2529690450008957,57.62004206929838,62.53168072570189,67.3877723143424,71.68986907652055
Temperate,Harvest,17,69.69038629624559,67.1137710824055,linear,237.3167312409676,NA,NA,NA,NA,0.15156560081412337,0.06859210398880988,0.017125076996056005,0.2860061246321908,2001,67.08252964029826,1.3535755288580482,64.42952160373649,69.73553767686003,67.40489739133845,71.97587520115275
Temperate,Harvest,18,69.84195189705972,67.1137710824055,linear,237.3167312409676,NA,NA,NA,NA,0.15156560081412337,0.06859210398880988,0.017125076996056005,0.2860061246321908,2002,68.30098659856884,1.2989089362533088,65.75512508351235,70.84684811362533,67.42202246833452,72.26188132578494
Temperate,Harvest,19,69.99351749787384,67.1137710824055,linear,237.3167312409676,NA,NA,NA,NA,0.15156560081412337,0.06859210398880988,0.017125076996056005,0.2860061246321908,2003,68.00842697151455,1.3000621820182672,65.46030509475875,70.55654884827035,67.43914754533057,72.54788745041714
Temperate,Harvest,20,70.14508309868796,67.1137710824055,linear,237.3167312409676,NA,NA,NA,NA,0.15156560081412337,0.06859210398880988,0.017125076996056005,0.2860061246321908,2004,75.86315415351089,1.3928744328257745,73.13312026517238,78.5931880418494,67.45627262232662,72.83389357504932
Temperate,Harvest,21,70.29664869950209,67.1137710824055,linear,237.3167312409676,NA,NA,NA,NA,0.15156560081412337,0.06859210398880988,0.017125076996056005,0.2860061246321908,2005,69.9871466713357,1.3422401287590855,67.35635601896789,72.6179373237035,67.47339769932269,73.11989969968151
Temperate,Harvest,22,70.44821430031621,67.1137710824055,linear,237.3167312409676,NA,NA,NA,NA,0.15156560081412337,0.06859210398880988,0.017125076996056005,0.2860061246321908,2006,68.28197728043261,1.3304783065823442,65.67423979953122,70.889714761334,67.49052277631874,73.4059058243137
Temperate,Harvest,23,70.59977990113032,67.1137710824055,linear,237.3167312409676,NA,NA,NA,NA,0.15156560081412337,0.06859210398880988,0.017125076996056005,0.2860061246321908,2007,65.09849808212934,1.25076602498739,62.64699667315406,67.54999949110463,67.5076478533148,73.69191194894589
Temperate,Harvest,24,70.75134550194446,67.1137710824055,linear,237.3167312409676,NA,NA,NA,NA,0.15156560081412337,0.06859210398880988,0.017125076996056005,0.2860061246321908,2008,75.8790823742984,1.3654638343632173,73.20277325894651,78.5553914896503,67.52477293031085,73.97791807357808
Temperate,Harvest,25,70.90291110275858,67.1137710824055,linear,237.3167312409676,NA,NA,NA,NA,0.15156560081412337,0.06859210398880988,0.017125076996056005,0.2860061246321908,2009,67.64101704959815,1.4841523818336086,64.73207838120427,70.54995571799202,67.54189800730691,74.26392419821028
Temperate,Harvest,26,71.0544767035727,67.1137710824055,linear,237.3167312409676,NA,NA,NA,NA,0.15156560081412337,0.06859210398880988,0.017125076996056005,0.2860061246321908,2010,80.50403099242743,1.3452161857923186,77.86740726827449,83.14065471658037,67.55902308430296,74.54993032284247
Temperate,Harvest,27,71.20604230438683,67.1137710824055,linear,237.3167312409676,NA,NA,NA,NA,0.15156560081412337,0.06859210398880988,0.017125076996056005,0.2860061246321908,2011,77.93518172068723,1.3361770139080782,75.3162747734274,80.55408866794706,67.57614816129902,74.83593644747465
Temperate,Harvest,28,71.35760790520094,67.1137710824055,linear,237.3167312409676,NA,NA,NA,NA,0.15156560081412337,0.06859210398880988,0.017125076996056005,0.2860061246321908,2012,64.05343841311557,1.2955266353412174,61.51420620784678,66.59267061838436,67.59327323829507,75.12194257210685
Temperate,Harvest,29,71.50917350601506,67.1137710824055,linear,237.3167312409676,NA,NA,NA,NA,0.15156560081412337,0.06859210398880988,0.017125076996056005,0.2860061246321908,2013,66.3162677820408,1.3132866404963344,63.74222596666798,68.8903095974136,67.61039831529114,75.40794869673904
Temperate,Harvest,30,71.66073910682918,67.1137710824055,linear,237.3167312409676,NA,NA,NA,NA,0.15156560081412337,0.06859210398880988,0.017125076996056005,0.2860061246321908,2014,71.81707068301722,1.3598450117470748,69.15177445999295,74.48236690604149,67.62752339228719,75.69395482137122
Temperate,Harvest,31,71.8123047076433,67.1137710824055,linear,237.3167312409676,NA,NA,NA,NA,0.15156560081412337,0.06859210398880988,0.017125076996056005,0.2860061246321908,2015,70.24907833986855,1.3336400999474145,67.63514374397161,72.86301293576548,67.64464846928324,75.97996094600342
Temperate,Harvest,32,71.96387030845743,67.1137710824055,linear,237.3167312409676,NA,NA,NA,NA,0.15156560081412337,0.06859210398880988,0.017125076996056005,0.2860061246321908,2016,76.52213727452505,1.3854684209208004,73.80661916952027,79.23765537952983,67.66177354627929,76.26596707063561
Temperate,Harvest,33,72.11543590927155,67.1137710824055,linear,237.3167312409676,NA,NA,NA,NA,0.15156560081412337,0.06859210398880988,0.017125076996056005,0.2860061246321908,2017,63.70215630058445,1.306539079686696,61.141339704398526,66.26297289677038,67.67889862327536,76.5519731952678
Temperate,Harvest,34,72.26700151008568,67.1137710824055,linear,237.3167312409676,NA,NA,NA,NA,0.15156560081412337,0.06859210398880988,0.017125076996056005,0.2860061246321908,2018,74.3394189145048,1.2951404583865622,71.80094361606714,76.87789421294246,67.69602370027141,76.8379793199
Temperate,Harvest,35,72.4185671108998,67.1137710824055,linear,237.3167312409676,NA,NA,NA,NA,0.15156560081412337,0.06859210398880988,0.017125076996056005,0.2860061246321908,2019,79.4604641221961,1.3617898811430431,76.79135595515574,82.12957228923646,67.71314877726746,77.12398544453218
Temperate,Harvest,36,72.57013271171392,67.1137710824055,linear,237.3167312409676,NA,NA,NA,NA,0.15156560081412337,0.06859210398880988,0.017125076996056005,0.2860061246321908,2020,76.99549603925968,1.3351976149437002,74.37850871397002,79.61248336454933,67.73027385426352,77.40999156916438
Temperate,Harvest,37,72.72169831252805,67.1137710824055,linear,237.3167312409676,NA,NA,NA,NA,0.15156560081412337,0.06859210398880988,0.017125076996056005,0.2860061246321908,2021,69.9870668980188,1.3426147902642671,67.35554190910084,72.61859188693676,67.74739893125958,77.69599769379657
Temperate,Harvest,38,72.87326391334217,67.1137710824055,linear,237.3167312409676,NA,NA,NA,NA,0.15156560081412337,0.06859210398880988,0.017125076996056005,0.2860061246321908,2022,67.83843816142615,1.2431428190145182,65.4018782361577,70.27499808669461,67.76452400825563,77.98200381842875
Temperate,Harvest,39,73.0248295141563,67.1137710824055,linear,237.3167312409676,NA,NA,NA,NA,0.15156560081412337,0.06859210398880988,0.017125076996056005,0.2860061246321908,2023,75.85349284834027,1.267816595279792,73.36857232159187,78.33841337508866,67.78164908525169,78.26800994306095
Boreal,Natural,1,66.24264555886845,66.38159026968985,linear,318.4559573076046,NA,NA,NA,NA,-0.13894471082136645,0.2571357134953386,-0.6429307092722301,0.3650412876294972,1985,109.0762179465422,4.798237093611868,99.67167324306293,118.48076265002145,65.73865956041762,66.74663155731935
Boreal,Natural,2,66.10370084804711,66.38159026968985,linear,318.4559573076046,NA,NA,NA,NA,-0.13894471082136645,0.2571357134953386,-0.6429307092722301,0.3650412876294972,1986,47.21348948573071,4.100134503171403,39.17722585951476,55.24975311194666,65.0957288511454,67.11167284494884
Boreal,Natural,3,65.96475613722575,66.38159026968985,linear,318.4559573076046,NA,NA,NA,NA,-0.13894471082136645,0.2571357134953386,-0.6429307092722301,0.3650412876294972,1987,68.12166100395302,4.386923458229259,59.523291025823674,76.72003098208236,64.45279814187316,67.47671413257834
Boreal,Natural,4,65.82581142640439,66.38159026968985,linear,318.4559573076046,NA,NA,NA,NA,-0.13894471082136645,0.2571357134953386,-0.6429307092722301,0.3650412876294972,1988,68.16688366323794,4.220976762955194,59.89376920784576,76.43999811863011,63.80986743260093,67.84175542020785
Boreal,Natural,5,65.68686671558302,66.38159026968985,linear,318.4559573076046,NA,NA,NA,NA,-0.13894471082136645,0.2571357134953386,-0.6429307092722301,0.3650412876294972,1989,62.35740354898115,4.430494292857393,53.67363473498065,71.04117236298164,63.1669367233287,68.20679670783734
Boreal,Natural,6,65.54792200476165,66.38159026968985,linear,318.4559573076046,NA,NA,NA,NA,-0.13894471082136645,0.2571357134953386,-0.6429307092722301,0.3650412876294972,1990,54.65311271935782,5.2045321913667735,44.45222962427894,64.8539958144367,62.52400601405647,68.57183799546684
Boreal,Natural,7,65.40897729394028,66.38159026968985,linear,318.4559573076046,NA,NA,NA,NA,-0.13894471082136645,0.2571357134953386,-0.6429307092722301,0.3650412876294972,1991,64.8985152116744,5.263547220102723,54.58196266027306,75.21506776307572,61.88107530478424,68.93687928309633
Boreal,Natural,8,65.27003258311892,66.38159026968985,linear,318.4559573076046,NA,NA,NA,NA,-0.13894471082136645,0.2571357134953386,-0.6429307092722301,0.3650412876294972,1992,58.3321385363918,5.273341582967211,47.99638903377607,68.66788803900754,61.23814459551201,69.30192057072583
Boreal,Natural,9,65.13108787229754,66.38159026968985,linear,318.4559573076046,NA,NA,NA,NA,-0.13894471082136645,0.2571357134953386,-0.6429307092722301,0.3650412876294972,1993,23.61406807288146,4.088060252641669,15.601469977703788,31.62666616805913,60.59521388623978,69.66696185835532
Boreal,Natural,10,64.99214316147618,66.38159026968985,linear,318.4559573076046,NA,NA,NA,NA,-0.13894471082136645,0.2571357134953386,-0.6429307092722301,0.3650412876294972,1994,69.58087860261836,4.269068896274231,61.21350356592086,77.94825363931585,59.952283176967555,70.03200314598483
Boreal,Natural,11,64.85319845065482,66.38159026968985,linear,318.4559573076046,NA,NA,NA,NA,-0.13894471082136645,0.2571357134953386,-0.6429307092722301,0.3650412876294972,1995,76.01045389425069,4.252667580367273,67.67522543673083,84.34568235177055,59.30935246769532,70.39704443361433
Boreal,Natural,12,64.71425373983345,66.38159026968985,linear,318.4559573076046,NA,NA,NA,NA,-0.13894471082136645,0.2571357134953386,-0.6429307092722301,0.3650412876294972,1996,83.7535476405597,4.235988646394905,75.4510098936257,92.05608538749372,58.66642175842309,70.76208572124382
Boreal,Natural,13,64.57530902901209,66.38159026968985,linear,318.4559573076046,NA,NA,NA,NA,-0.13894471082136645,0.2571357134953386,-0.6429307092722301,0.3650412876294972,1997,75.58354159330479,4.39921801445445,66.96107428497406,84.20600890163551,58.02349104915086,71.12712700887332
Boreal,Natural,14,64.43636431819073,66.38159026968985,linear,318.4559573076046,NA,NA,NA,NA,-0.13894471082136645,0.2571357134953386,-0.6429307092722301,0.3650412876294972,1998,42.234852743936656,4.764841150803706,32.89576408836139,51.57394139951192,57.38056033987863,71.49216829650281
Boreal,Natural,15,64.29741960736935,66.38159026968985,linear,318.4559573076046,NA,NA,NA,NA,-0.13894471082136645,0.2571357134953386,-0.6429307092722301,0.3650412876294972,1999,77.1708300551978,4.584010023460898,68.18617040921444,86.15548970118115,56.7376296306064,71.8572095841323
Boreal,Natural,16,64.15847489654799,66.38159026968985,linear,318.4559573076046,NA,NA,NA,NA,-0.13894471082136645,0.2571357134953386,-0.6429307092722301,0.3650412876294972,2000,85.84319029971931,5.172650485813157,75.70479534752552,95.9815852519131,56.09469892133417,72.2222508717618
Boreal,Natural,17,64.01953018572661,66.38159026968985,linear,318.4559573076046,NA,NA,NA,NA,-0.13894471082136645,0.2571357134953386,-0.6429307092722301,0.3650412876294972,2001,47.880929017217355,4.372677204534846,39.310481696329056,56.45137633810565,55.45176821206194,72.58729215939131
Boreal,Natural,18,63.88058547490525,66.38159026968985,linear,318.4559573076046,NA,NA,NA,NA,-0.13894471082136645,0.2571357134953386,-0.6429307092722301,0.3650412876294972,2002,67.48398413371453,4.612624522558446,58.44324006949998,76.52472819792908,54.808837502789714,72.9523334470208
Boreal,Natural,19,63.74164076408388,66.38159026968985,linear,318.4559573076046,NA,NA,NA,NA,-0.13894471082136645,0.2571357134953386,-0.6429307092722301,0.3650412876294972,2003,75.21273404529711,4.522554630584708,66.34852696935108,84.07694112124314,54.16590679351748,73.3173747346503
Boreal,Natural,20,63.60269605326252,66.38159026968985,linear,318.4559573076046,NA,NA,NA,NA,-0.13894471082136645,0.2571357134953386,-0.6429307092722301,0.3650412876294972,2004,79.75163091650774,4.429748455886323,71.06932394297054,88.43393789004493,53.52297608424525,73.6824160222798
Boreal,Natural,21,63.46375134244115,66.38159026968985,linear,318.4559573076046,NA,NA,NA,NA,-0.13894471082136645,0.2571357134953386,-0.6429307092722301,0.3650412876294972,2005,51.62431810618452,4.795860511612011,42.22443150342498,61.024204708944055,52.88004537497302,74.04745730990929
Boreal,Natural,22,63.324806631619786,66.38159026968985,linear,318.4559573076046,NA,NA,NA,NA,-0.13894471082136645,0.2571357134953386,-0.6429307092722301,0.3650412876294972,2006,65.48516497792701,5.412784489142507,54.876107379207696,76.09422257664633,52.23711466570079,74.41249859753879
Boreal,Natural,23,63.185861920798416,66.38159026968985,linear,318.4559573076046,NA,NA,NA,NA,-0.13894471082136645,0.2571357134953386,-0.6429307092722301,0.3650412876294972,2007,34.871208329278204,5.222191346705749,24.635713289734937,45.10670336882147,51.59418395642856,74.7775398851683
Boreal,Natural,24,63.04691720997705,66.38159026968985,linear,318.4559573076046,NA,NA,NA,NA,-0.13894471082136645,0.2571357134953386,-0.6429307092722301,0.3650412876294972,2008,56.464243847016704,6.830958577034935,43.07556503602823,69.85292265800518,50.95125324715633,75.14258117279779
Boreal,Natural,25,62.90797249915569,66.38159026968985,linear,318.4559573076046,NA,NA,NA,NA,-0.13894471082136645,0.2571357134953386,-0.6429307092722301,0.3650412876294972,2009,48.19514768672178,4.7208261783026515,38.942328377248586,57.44796699619498,50.3083225378841,75.50762246042729
Boreal,Natural,26,62.76902778833432,66.38159026968985,linear,318.4559573076046,NA,NA,NA,NA,-0.13894471082136645,0.2571357134953386,-0.6429307092722301,0.3650412876294972,2010,57.9631819678384,5.036688668448151,48.091272177680025,67.83509175799678,49.665391828611874,75.87266374805678
Boreal,Natural,27,62.63008307751295,66.38159026968985,linear,318.4559573076046,NA,NA,NA,NA,-0.13894471082136645,0.2571357134953386,-0.6429307092722301,0.3650412876294972,2011,73.62075806191972,4.194882047416486,65.3987892489834,81.84272687485603,49.02246111933964,76.23770503568628
Boreal,Natural,28,62.49113836669159,66.38159026968985,linear,318.4559573076046,NA,NA,NA,NA,-0.13894471082136645,0.2571357134953386,-0.6429307092722301,0.3650412876294972,2012,50.32272516182355,5.886882498504384,38.78443546475496,61.86101485889215,48.37953041006741,76.60274632331577
Boreal,Natural,29,62.352193655870224,66.38159026968985,linear,318.4559573076046,NA,NA,NA,NA,-0.13894471082136645,0.2571357134953386,-0.6429307092722301,0.3650412876294972,2013,35.85507082030354,4.89374710375881,26.263326496936273,45.4468151436708,47.73659970079518,76.96778761094527
Boreal,Natural,30,62.21324894504885,66.38159026968985,linear,318.4559573076046,NA,NA,NA,NA,-0.13894471082136645,0.2571357134953386,-0.6429307092722301,0.3650412876294972,2014,83.00656541060414,5.02409469144278,73.15933981537628,92.853791005832,47.09366899152295,77.33282889857477
Boreal,Natural,31,62.07430423422748,66.38159026968985,linear,318.4559573076046,NA,NA,NA,NA,-0.13894471082136645,0.2571357134953386,-0.6429307092722301,0.3650412876294972,2015,85.57365284774012,6.028465726626854,73.75786002355149,97.38944567192875,46.45073828225072,77.69787018620427
Boreal,Natural,32,61.93535952340612,66.38159026968985,linear,318.4559573076046,NA,NA,NA,NA,-0.13894471082136645,0.2571357134953386,-0.6429307092722301,0.3650412876294972,2016,63.85600106047021,5.3108940735916335,53.44664867623061,74.26535344470982,45.80780757297849,78.06291147383376
Boreal,Natural,33,61.79641481258476,66.38159026968985,linear,318.4559573076046,NA,NA,NA,NA,-0.13894471082136645,0.2571357134953386,-0.6429307092722301,0.3650412876294972,2017,53.3266023758271,4.279284322612127,44.939205103507334,61.71399964814687,45.16487686370626,78.42795276146326
Boreal,Natural,35,61.518525390942024,66.38159026968985,linear,318.4559573076046,NA,NA,NA,NA,-0.13894471082136645,0.2571357134953386,-0.6429307092722301,0.3650412876294972,2019,69.2729367239545,5.246448915364277,58.98989684984052,79.55597659806848,43.8790154451618,79.15803533672225
Boreal,Natural,36,61.37958068012066,66.38159026968985,linear,318.4559573076046,NA,NA,NA,NA,-0.13894471082136645,0.2571357134953386,-0.6429307092722301,0.3650412876294972,2020,52.55669895754946,4.828899567894042,43.092055804477134,62.02134211062178,43.23608473588957,79.52307662435175
Boreal,Natural,37,61.24063596929929,66.38159026968985,linear,318.4559573076046,NA,NA,NA,NA,-0.13894471082136645,0.2571357134953386,-0.6429307092722301,0.3650412876294972,2021,71.90136525099166,8.639803355014193,54.96735067516384,88.83537982681948,42.59315402661734,79.88811791198125
Boreal,Natural,38,61.10169125847793,66.38159026968985,linear,318.4559573076046,NA,NA,NA,NA,-0.13894471082136645,0.2571357134953386,-0.6429307092722301,0.3650412876294972,2022,67.04922471059308,4.313542589599463,58.59468123497813,75.50376818620802,41.950223317345106,80.25315919961075
Boreal,Harvest,1,52.06617235402318,52.199980204090735,linear,273.81833719274084,NA,NA,NA,NA,-0.13380785006753695,0.14066665338638235,-0.40951449070484636,0.14189879056977242,1985,60.74707789998027,2.7632414630976005,55.33112463230897,66.16303116765157,51.79046571338589,52.341878994660505
Boreal,Harvest,2,51.93236450395566,52.199980204090735,linear,273.81833719274084,NA,NA,NA,NA,-0.13380785006753695,0.14066665338638235,-0.40951449070484636,0.14189879056977242,1986,42.3930586862968,2.2086053243028467,38.06419225066322,46.721925121930376,51.38095122268104,52.48377778523028
Boreal,Harvest,3,51.79855665388812,52.199980204090735,linear,273.81833719274084,NA,NA,NA,NA,-0.13380785006753695,0.14066665338638235,-0.40951449070484636,0.14189879056977242,1987,51.814411400832405,2.326800280476418,47.25388285109862,56.37493995056619,50.9714367319762,52.62567657580005
Boreal,Harvest,4,51.664748803820586,52.199980204090735,linear,273.81833719274084,NA,NA,NA,NA,-0.13380785006753695,0.14066665338638235,-0.40951449070484636,0.14189879056977242,1988,48.13859338594113,2.2559807941426215,43.71687102942159,52.560315742460666,50.56192224127135,52.767575366369826
Boreal,Harvest,5,51.530940953753046,52.199980204090735,linear,273.81833719274084,NA,NA,NA,NA,-0.13380785006753695,0.14066665338638235,-0.40951449070484636,0.14189879056977242,1989,52.01908901727083,2.322359323676036,47.46726474286581,56.570913291675865,50.1524077505665,52.909474156939595
Boreal,Harvest,6,51.39713310368551,52.199980204090735,linear,273.81833719274084,NA,NA,NA,NA,-0.13380785006753695,0.14066665338638235,-0.40951449070484636,0.14189879056977242,1990,45.27489068499324,2.291964559692576,40.78264014799579,49.76714122199069,49.74289325986166,53.05137294750937
Boreal,Harvest,7,51.26332525361798,52.199980204090735,linear,273.81833719274084,NA,NA,NA,NA,-0.13380785006753695,0.14066665338638235,-0.40951449070484636,0.14189879056977242,1991,59.34176555523925,2.3642857593561155,54.707765466901265,63.97576564357723,49.33337876915681,53.19327173807914
Boreal,Harvest,8,51.12951740355044,52.199980204090735,linear,273.81833719274084,NA,NA,NA,NA,-0.13380785006753695,0.14066665338638235,-0.40951449070484636,0.14189879056977242,1992,62.12627528808827,2.2940151828453175,57.630005529711454,66.62254504646509,48.923864278451966,53.335170528648916
Boreal,Harvest,9,50.9957095534829,52.199980204090735,linear,273.81833719274084,NA,NA,NA,NA,-0.13380785006753695,0.14066665338638235,-0.40951449070484636,0.14189879056977242,1993,27.10041970172993,2.2433697478713697,22.703414995902044,31.497424407557816,48.51434978774712,53.477069319218685
Boreal,Harvest,10,50.86190170341536,52.199980204090735,linear,273.81833719274084,NA,NA,NA,NA,-0.13380785006753695,0.14066665338638235,-0.40951449070484636,0.14189879056977242,1994,54.47472038760055,2.278660081909652,50.00854662705763,58.940894148143464,48.10483529704227,53.61896810978846
Boreal,Harvest,11,50.72809385334783,52.199980204090735,linear,273.81833719274084,NA,NA,NA,NA,-0.13380785006753695,0.14066665338638235,-0.40951449070484636,0.14189879056977242,1995,38.92597738706231,2.3353076576758527,34.34877437801764,43.503180396106984,47.69532080633743,53.76086690035823
Boreal,Harvest,12,50.59428600328029,52.199980204090735,linear,273.81833719274084,NA,NA,NA,NA,-0.13380785006753695,0.14066665338638235,-0.40951449070484636,0.14189879056977242,1996,56.48009251019833,2.4126786570687533,51.75124234234357,61.20894267805309,47.28580631563258,53.90276569092801
Boreal,Harvest,13,50.460478153212755,52.199980204090735,linear,273.81833719274084,NA,NA,NA,NA,-0.13380785006753695,0.14066665338638235,-0.40951449070484636,0.14189879056977242,1997,55.01494228041591,2.284630553898095,50.53706639477564,59.492818166056175,46.87629182492773,54.044664481497776
Boreal,Harvest,14,50.326670303145214,52.199980204090735,linear,273.81833719274084,NA,NA,NA,NA,-0.13380785006753695,0.14066665338638235,-0.40951449070484636,0.14189879056977242,1998,54.46061443783145,2.440656874414825,49.6769269639784,59.24430191168451,46.46677733422288,54.18656327206755
Boreal,Harvest,15,50.19286245307768,52.199980204090735,linear,273.81833719274084,NA,NA,NA,NA,-0.13380785006753695,0.14066665338638235,-0.40951449070484636,0.14189879056977242,1999,61.432733282452766,2.3940775911808343,56.74034120373833,66.1251253611672,46.05726284351804,54.32846206263732
Boreal,Harvest,16,50.05905460301014,52.199980204090735,linear,273.81833719274084,NA,NA,NA,NA,-0.13380785006753695,0.14066665338638235,-0.40951449070484636,0.14189879056977242,2000,63.38924160541829,2.5279082995974615,58.43454133820727,68.34394187262932,45.647748352813196,54.4703608532071
Boreal,Harvest,17,49.925246752942606,52.199980204090735,linear,273.81833719274084,NA,NA,NA,NA,-0.13380785006753695,0.14066665338638235,-0.40951449070484636,0.14189879056977242,2001,48.68723359245714,2.2445586401798834,44.28789865770457,53.086568527209714,45.238233862108345,54.612259643776866
Boreal,Harvest,18,49.791438902875065,52.199980204090735,linear,273.81833719274084,NA,NA,NA,NA,-0.13380785006753695,0.14066665338638235,-0.40951449070484636,0.14189879056977242,2002,51.43107853528444,2.316591929279421,46.89055835389678,55.971598716672105,44.8287193714035,54.754158434346635
Boreal,Harvest,19,49.65763105280753,52.199980204090735,linear,273.81833719274084,NA,NA,NA,NA,-0.13380785006753695,0.14066665338638235,-0.40951449070484636,0.14189879056977242,2003,61.42254350981803,2.4469907380093976,56.62644166331961,66.21864535631644,44.41920488069866,54.89605722491641
Boreal,Harvest,20,49.52382320273999,52.199980204090735,linear,273.81833719274084,NA,NA,NA,NA,-0.13380785006753695,0.14066665338638235,-0.40951449070484636,0.14189879056977242,2004,23.57045060094537,2.2433620829412506,19.17346091838052,27.96744028351022,44.00969038999381,55.03795601548618
Boreal,Harvest,21,49.39001535267246,52.199980204090735,linear,273.81833719274084,NA,NA,NA,NA,-0.13380785006753695,0.14066665338638235,-0.40951449070484636,0.14189879056977242,2005,39.64587698525485,2.2493926427748008,35.23706740541624,44.05468656509346,43.60017589928896,55.17985480605596
Boreal,Harvest,22,49.25620750260492,52.199980204090735,linear,273.81833719274084,NA,NA,NA,NA,-0.13380785006753695,0.14066665338638235,-0.40951449070484636,0.14189879056977242,2006,54.011201358977885,2.354061817354233,49.39724019696359,58.625162520992184,43.19066140858412,55.321753596625726
Boreal,Harvest,23,49.12239965253738,52.199980204090735,linear,273.81833719274084,NA,NA,NA,NA,-0.13380785006753695,0.14066665338638235,-0.40951449070484636,0.14189879056977242,2007,53.52648969185253,2.390089081723911,48.84191509167367,58.211064292031395,42.78114691787927,55.4636523871955
Boreal,Harvest,24,48.98859180246985,52.199980204090735,linear,273.81833719274084,NA,NA,NA,NA,-0.13380785006753695,0.14066665338638235,-0.40951449070484636,0.14189879056977242,2008,52.38178899038512,2.4129480472397313,47.65241081779524,57.11116716297499,42.37163242717442,55.60555117776527
Boreal,Harvest,25,48.85478395240231,52.199980204090735,linear,273.81833719274084,NA,NA,NA,NA,-0.13380785006753695,0.14066665338638235,-0.40951449070484636,0.14189879056977242,2009,36.706769208895246,2.2824317763996995,32.23320292715184,41.180335490638655,41.962117936469575,55.74744996833505
Boreal,Harvest,26,48.720976102334774,52.199980204090735,linear,273.81833719274084,NA,NA,NA,NA,-0.13380785006753695,0.14066665338638235,-0.40951449070484636,0.14189879056977242,2010,48.31555888704765,2.361386196920974,43.68724194108254,52.94387583301276,41.55260344576473,55.889348758904816
Boreal,Harvest,27,48.58716825226723,52.199980204090735,linear,273.81833719274084,NA,NA,NA,NA,-0.13380785006753695,0.14066665338638235,-0.40951449070484636,0.14189879056977242,2011,53.79043836891443,2.3348005904489746,49.21422921163444,58.36664752619442,41.14308895505988,56.03124754947459
Boreal,Harvest,28,48.4533604021997,52.199980204090735,linear,273.81833719274084,NA,NA,NA,NA,-0.13380785006753695,0.14066665338638235,-0.40951449070484636,0.14189879056977242,2012,43.43881582500587,2.381511280285952,38.7710537156454,48.106577934366335,40.73357446435504,56.17314634004436
Boreal,Harvest,29,48.31955255213216,52.199980204090735,linear,273.81833719274084,NA,NA,NA,NA,-0.13380785006753695,0.14066665338638235,-0.40951449070484636,0.14189879056977242,2013,43.56066646360929,2.2948011354781848,39.06285623807205,48.05847668914653,40.32405997365019,56.31504513061414
Boreal,Harvest,30,48.185744702064625,52.199980204090735,linear,273.81833719274084,NA,NA,NA,NA,-0.13380785006753695,0.14066665338638235,-0.40951449070484636,0.14189879056977242,2014,50.27645810151652,2.376745264940483,45.61803738223317,54.93487882079987,39.91454548294534,56.45694392118391
Boreal,Harvest,31,48.051936851997084,52.199980204090735,linear,273.81833719274084,NA,NA,NA,NA,-0.13380785006753695,0.14066665338638235,-0.40951449070484636,0.14189879056977242,2015,60.93249830619415,2.6935218444369093,55.65319549109781,66.21180112129049,39.5050309922405,56.59884271175368
Boreal,Harvest,32,47.91812900192955,52.199980204090735,linear,273.81833719274084,NA,NA,NA,NA,-0.13380785006753695,0.14066665338638235,-0.40951449070484636,0.14189879056977242,2016,57.191811972492765,2.4322036275519054,52.42469286249103,61.9589310824945,39.095516501535656,56.74074150232345
Boreal,Harvest,33,47.78432115186201,52.199980204090735,linear,273.81833719274084,NA,NA,NA,NA,-0.13380785006753695,0.14066665338638235,-0.40951449070484636,0.14189879056977242,2017,48.92051656293086,2.279394579811864,44.4529031864996,53.38812993936211,38.686002010830805,56.88264029289323
Boreal,Harvest,35,47.516705451726935,52.199980204090735,linear,273.81833719274084,NA,NA,NA,NA,-0.13380785006753695,0.14066665338638235,-0.40951449070484636,0.14189879056977242,2019,42.365838858751694,2.3238942470133517,37.81100613460553,46.92067158289786,37.86697302942111,57.166437874032766
Boreal,Harvest,36,47.3828976016594,52.199980204090735,linear,273.81833719274084,NA,NA,NA,NA,-0.13380785006753695,0.14066665338638235,-0.40951449070484636,0.14189879056977242,2020,43.11544256703208,2.257574791356775,38.690595975972805,47.54028915809136,37.45745853871627,57.30833666460254
Boreal,Harvest,37,47.24908975159187,52.199980204090735,linear,273.81833719274084,NA,NA,NA,NA,-0.13380785006753695,0.14066665338638235,-0.40951449070484636,0.14189879056977242,2021,47.98733820348428,2.365750626790594,43.350466974974715,52.62420943199384,37.047944048011416,57.45023545517232
Boreal,Harvest,38,47.11528190152433,52.199980204090735,linear,273.81833719274084,NA,NA,NA,NA,-0.13380785006753695,0.14066665338638235,-0.40951449070484636,0.14189879056977242,2022,42.38439745140655,2.279636620550393,37.91630967512778,46.85248522768532,36.63842955730657,57.59213424574209
Mediterranean,Natural,1,25.652150689463124,25.67193609864128,segmented,232.48041298550478,29.0000419801724,3.437588984237436,22.262367571067028,35.73771638927778,-0.019785,0.098233,-0.21232167999999998,0.17275168,1985,23.75582552476928,1.2958789591090845,21.215902764915477,26.295748284623087,25.45961441864128,25.84468777864128
Mediterranean,Natural,2,25.63236528028497,25.67193609864128,segmented,232.48041298550478,29.0000419801724,3.437588984237436,22.262367571067028,35.73771638927778,-0.019785,0.098233,-0.21232167999999998,0.17275168,1986,25.99112682260015,1.200438772669834,23.638266828167275,28.343986817033027,25.247292738641278,26.017439458641277
Mediterranean,Natural,3,25.612579871106814,25.67193609864128,segmented,232.48041298550478,29.0000419801724,3.437588984237436,22.262367571067028,35.73771638927778,-0.019785,0.098233,-0.21232167999999998,0.17275168,1987,23.176288940742964,1.3717606857763416,20.487637996621334,25.864939884864594,25.03497105864128,26.19019113864128
Mediterranean,Natural,4,25.59279446192866,25.67193609864128,segmented,232.48041298550478,29.0000419801724,3.437588984237436,22.262367571067028,35.73771638927778,-0.019785,0.098233,-0.21232167999999998,0.17275168,1988,26.052717478839416,1.3720615624044623,23.36347681652667,28.74195814115216,24.82264937864128,26.36294281864128
Mediterranean,Natural,5,25.573009052750503,25.67193609864128,segmented,232.48041298550478,29.0000419801724,3.437588984237436,22.262367571067028,35.73771638927778,-0.019785,0.098233,-0.21232167999999998,0.17275168,1989,24.157037949047755,1.2638935776911209,21.679806536773157,26.634269361322353,24.610327698641278,26.535694498641277
Mediterranean,Natural,6,25.553223643572352,25.67193609864128,segmented,232.48041298550478,29.0000419801724,3.437588984237436,22.262367571067028,35.73771638927778,-0.019785,0.098233,-0.21232167999999998,0.17275168,1990,27.69493388356515,1.3223579170954305,25.103112366058102,30.286755401072192,24.39800601864128,26.708446178641278
Mediterranean,Natural,7,25.533438234394197,25.67193609864128,segmented,232.48041298550478,29.0000419801724,3.437588984237436,22.262367571067028,35.73771638927778,-0.019785,0.098233,-0.21232167999999998,0.17275168,1991,20.083881530404852,1.2200101043831917,17.692661725813796,22.47510133499591,24.18568433864128,26.88119785864128
Mediterranean,Natural,8,25.51365282521604,25.67193609864128,segmented,232.48041298550478,29.0000419801724,3.437588984237436,22.262367571067028,35.73771638927778,-0.019785,0.098233,-0.21232167999999998,0.17275168,1992,27.645627210036142,1.2001088338291392,25.29341389573103,29.99784052434126,23.97336265864128,27.05394953864128
Mediterranean,Natural,9,25.493867416037887,25.67193609864128,segmented,232.48041298550478,29.0000419801724,3.437588984237436,22.262367571067028,35.73771638927778,-0.019785,0.098233,-0.21232167999999998,0.17275168,1993,25.09957733575769,1.2984785051549426,22.554559465654,27.64459520586138,23.76104097864128,27.226701218641278
Mediterranean,Natural,10,25.47408200685973,25.67193609864128,segmented,232.48041298550478,29.0000419801724,3.437588984237436,22.262367571067028,35.73771638927778,-0.019785,0.098233,-0.21232167999999998,0.17275168,1994,20.978467524326796,1.1756568399870329,18.67418011795221,23.28275493070138,23.54871929864128,27.39945289864128
Mediterranean,Natural,11,25.454296597681576,25.67193609864128,segmented,232.48041298550478,29.0000419801724,3.437588984237436,22.262367571067028,35.73771638927778,-0.019785,0.098233,-0.21232167999999998,0.17275168,1995,26.075866176644222,1.254754458497555,23.616547437989013,28.535184915299432,23.33639761864128,27.57220457864128
Mediterranean,Natural,12,25.43451118850342,25.67193609864128,segmented,232.48041298550478,29.0000419801724,3.437588984237436,22.262367571067028,35.73771638927778,-0.019785,0.098233,-0.21232167999999998,0.17275168,1996,29.025134807154167,1.3878436539482704,26.30496124541556,31.745308368892776,23.12407593864128,27.744956258641277
Mediterranean,Natural,13,25.414725779325266,25.67193609864128,segmented,232.48041298550478,29.0000419801724,3.437588984237436,22.262367571067028,35.73771638927778,-0.019785,0.098233,-0.21232167999999998,0.17275168,1997,26.534775073054192,1.4261005490718497,23.739617996873367,29.329932149235017,22.911754258641277,27.91770793864128
Mediterranean,Natural,14,25.39494037014711,25.67193609864128,segmented,232.48041298550478,29.0000419801724,3.437588984237436,22.262367571067028,35.73771638927778,-0.019785,0.098233,-0.21232167999999998,0.17275168,1998,39.23664096844904,1.3982666652607727,36.496038304537926,41.97724363236015,22.69943257864128,28.09045961864128
Mediterranean,Natural,15,25.375154960968956,25.67193609864128,segmented,232.48041298550478,29.0000419801724,3.437588984237436,22.262367571067028,35.73771638927778,-0.019785,0.098233,-0.21232167999999998,0.17275168,1999,23.368828036291703,1.3421528200864887,20.738208508922188,25.999447563661224,22.48711089864128,28.263211298641277
Mediterranean,Natural,16,25.355369551790805,25.67193609864128,segmented,232.48041298550478,29.0000419801724,3.437588984237436,22.262367571067028,35.73771638927778,-0.019785,0.098233,-0.21232167999999998,0.17275168,2000,23.27974697918335,1.3390666843812442,20.655176277796112,25.90431768057059,22.274789218641278,28.435962978641278
Mediterranean,Natural,17,25.33558414261265,25.67193609864128,segmented,232.48041298550478,29.0000419801724,3.437588984237436,22.262367571067028,35.73771638927778,-0.019785,0.098233,-0.21232167999999998,0.17275168,2001,26.131688836923388,1.3206053210454856,23.543302407674236,28.72007526617254,22.06246753864128,28.60871465864128
Mediterranean,Natural,18,25.315798733434494,25.67193609864128,segmented,232.48041298550478,29.0000419801724,3.437588984237436,22.262367571067028,35.73771638927778,-0.019785,0.098233,-0.21232167999999998,0.17275168,2002,23.090357160148237,1.3014208433704266,20.5395723071422,25.641142013154273,21.85014585864128,28.78146633864128
Mediterranean,Natural,19,25.29601332425634,25.67193609864128,segmented,232.48041298550478,29.0000419801724,3.437588984237436,22.262367571067028,35.73771638927778,-0.019785,0.098233,-0.21232167999999998,0.17275168,2003,22.35762516390537,1.2415318243574058,19.924222788164855,24.79102753964589,21.637824178641278,28.954218018641278
Mediterranean,Natural,20,25.276227915078184,25.67193609864128,segmented,232.48041298550478,29.0000419801724,3.437588984237436,22.262367571067028,35.73771638927778,-0.019785,0.098233,-0.21232167999999998,0.17275168,2004,24.684184202439937,1.1725809199826098,22.38592559927402,26.982442805605853,21.42550249864128,29.12696969864128
Mediterranean,Natural,21,25.25644250590003,25.67193609864128,segmented,232.48041298550478,29.0000419801724,3.437588984237436,22.262367571067028,35.73771638927778,-0.019785,0.098233,-0.21232167999999998,0.17275168,2005,21.761592645212907,1.190917861423637,19.42739363682258,24.095791653603236,21.213180818641277,29.29972137864128
Mediterranean,Natural,22,25.236657096721874,25.67193609864128,segmented,232.48041298550478,29.0000419801724,3.437588984237436,22.262367571067028,35.73771638927778,-0.019785,0.098233,-0.21232167999999998,0.17275168,2006,30.33656600552028,1.26139711445694,27.86422766118468,32.80890434985589,21.000859138641278,29.472473058641278
Mediterranean,Natural,23,25.21687168754372,25.67193609864128,segmented,232.48041298550478,29.0000419801724,3.437588984237436,22.262367571067028,35.73771638927778,-0.019785,0.098233,-0.21232167999999998,0.17275168,2007,28.00865180714442,1.231592399189565,25.594730704732875,30.422572909555967,20.78853745864128,29.64522473864128
Mediterranean,Natural,24,25.197086278365564,25.67193609864128,segmented,232.48041298550478,29.0000419801724,3.437588984237436,22.262367571067028,35.73771638927778,-0.019785,0.098233,-0.21232167999999998,0.17275168,2008,25.95255568433644,1.2642067682394635,23.474710418587097,28.43040095008579,20.576215778641277,29.81797641864128
Mediterranean,Natural,25,25.177300869187413,25.67193609864128,segmented,232.48041298550478,29.0000419801724,3.437588984237436,22.262367571067028,35.73771638927778,-0.019785,0.098233,-0.21232167999999998,0.17275168,2009,29.756492531569805,1.3951852789814927,27.02192938476608,32.49105567837353,20.36389409864128,29.990728098641277
Mediterranean,Natural,26,25.157515460009257,25.67193609864128,segmented,232.48041298550478,29.0000419801724,3.437588984237436,22.262367571067028,35.73771638927778,-0.019785,0.098233,-0.21232167999999998,0.17275168,2010,31.28629980554522,1.6791383149732446,27.99518870819766,34.57741090289278,20.15157241864128,30.16347977864128
Mediterranean,Natural,27,25.137730050831102,25.67193609864128,segmented,232.48041298550478,29.0000419801724,3.437588984237436,22.262367571067028,35.73771638927778,-0.019785,0.098233,-0.21232167999999998,0.17275168,2011,24.761031404991407,1.5427899963511245,21.737163012143203,27.78489979783961,19.939250738641277,30.33623145864128
Mediterranean,Natural,28,25.117944641652947,25.67193609864128,segmented,232.48041298550478,29.0000419801724,3.437588984237436,22.262367571067028,35.73771638927778,-0.019785,0.098233,-0.21232167999999998,0.17275168,2012,16.236323529754532,1.197013088978089,13.890177875357478,18.582469184151588,19.72692905864128,30.508983138641277
Mediterranean,Natural,29,25.098159232474792,25.67193609864128,segmented,232.48041298550478,29.0000419801724,3.437588984237436,22.262367571067028,35.73771638927778,-0.019785,0.098233,-0.21232167999999998,0.17275168,2013,18.57707171371377,1.2388990472060522,16.148829581189908,21.00531384623763,19.51460737864128,30.681734818641278
Mediterranean,Natural,30,26.073717217084646,25.67193609864128,segmented,232.48041298550478,29.0000419801724,3.437588984237436,22.262367571067028,35.73771638927778,0.9756,0.48728,0.020531200000000083,1.9306687999999999,2014,28.578920973176004,1.4790627152444251,25.67995805129693,31.47788389505508,26.28787209864128,83.59200009864128
Mediterranean,Natural,31,27.049316988135974,25.67193609864128,segmented,232.48041298550478,29.0000419801724,3.437588984237436,22.262367571067028,35.73771638927778,0.9756,0.48728,0.020531200000000083,1.9306687999999999,2015,25.82085886284619,1.3759910073196129,23.12391648849975,28.517801237192632,26.30840329864128,85.52266889864127
Mediterranean,Natural,32,28.0249167591873,25.67193609864128,segmented,232.48041298550478,29.0000419801724,3.437588984237436,22.262367571067028,35.73771638927778,0.9756,0.48728,0.020531200000000083,1.9306687999999999,2016,27.88415450512447,1.4746999928734372,24.99374251909254,30.77456649115641,26.32893449864128,87.45333769864128
Mediterranean,Natural,33,29.000516530238624,25.67193609864128,segmented,232.48041298550478,29.0000419801724,3.437588984237436,22.262367571067028,35.73771638927778,0.9756,0.48728,0.020531200000000083,1.9306687999999999,2017,31.022564563365936,1.2025794967073846,28.665508749819463,33.37962037691241,26.349465698641282,89.38400649864127
Mediterranean,Natural,34,29.97611630128995,25.67193609864128,segmented,232.48041298550478,29.0000419801724,3.437588984237436,22.262367571067028,35.73771638927778,0.9756,0.48728,0.020531200000000083,1.9306687999999999,2018,34.40065023022702,1.1714333739379297,32.10464081730868,36.69665964314537,26.369996898641283,91.31467529864128
Mediterranean,Natural,35,30.95171607234128,25.67193609864128,segmented,232.48041298550478,29.0000419801724,3.437588984237436,22.262367571067028,35.73771638927778,0.9756,0.48728,0.020531200000000083,1.9306687999999999,2019,22.9505756273618,1.2444506771004893,20.51145230024484,25.38969895447876,26.390528098641283,93.24534409864128
Mediterranean,Natural,36,31.927315843392606,25.67193609864128,segmented,232.48041298550478,29.0000419801724,3.437588984237436,22.262367571067028,35.73771638927778,0.9756,0.48728,0.020531200000000083,1.9306687999999999,2020,26.172281552184725,1.694941644502529,22.850195928959767,29.49436717540968,26.41105929864128,95.17601289864128
Mediterranean,Natural,37,32.902915614443934,25.67193609864128,segmented,232.48041298550478,29.0000419801724,3.437588984237436,22.262367571067028,35.73771638927778,0.9756,0.48728,0.020531200000000083,1.9306687999999999,2021,36.34048513079985,1.26691708549821,33.85732764322336,38.82364261837634,26.43159049864128,97.10668169864128
Mediterranean,Natural,38,33.87851538549526,25.67193609864128,segmented,232.48041298550478,29.0000419801724,3.437588984237436,22.262367571067028,35.73771638927778,0.9756,0.48728,0.020531200000000083,1.9306687999999999,2022,38.10998864635971,1.1617084428812865,35.83304009831239,40.38693719440703,26.45212169864128,99.03735049864127
Mediterranean,Natural,39,34.854115156546584,25.67193609864128,segmented,232.48041298550478,29.0000419801724,3.437588984237436,22.262367571067028,35.73771638927778,0.9756,0.48728,0.020531200000000083,1.9306687999999999,2023,34.14125891273761,1.2218092196577728,31.74651284220838,36.53600498326685,26.472652898641282,100.96801929864128
Mediterranean,Harvest,1,25.31062334529525,25.291851485330234,linear,94.65233754757637,NA,NA,NA,NA,0.018771859965018345,0.011013774729503753,-0.0028151385048090123,0.0403588584348457,1985,24.967282767690623,0.4223062864178216,24.139562446311693,25.795003089069553,25.289036346825426,25.33221034376508
Mediterranean,Harvest,2,25.32939520526027,25.291851485330234,linear,94.65233754757637,NA,NA,NA,NA,0.018771859965018345,0.011013774729503753,-0.0028151385048090123,0.0403588584348457,1986,26.67936315336691,0.3917153262840104,25.91160111385025,27.447125192883572,25.286221208320615,25.372569202199927
Mediterranean,Harvest,3,25.348167065225287,25.291851485330234,linear,94.65233754757637,NA,NA,NA,NA,0.018771859965018345,0.011013774729503753,-0.0028151385048090123,0.0403588584348457,1987,24.783559609900617,0.3937409060023028,24.011827434136105,25.55529178566513,25.283406069815808,25.412928060634773
Mediterranean,Harvest,4,25.366938925190304,25.291851485330234,linear,94.65233754757637,NA,NA,NA,NA,0.018771859965018345,0.011013774729503753,-0.0028151385048090123,0.0403588584348457,1988,25.53191160736646,0.4979568891510679,24.555916104630366,26.50790711010255,25.280590931310996,25.453286919069615
Mediterranean,Harvest,5,25.38571078515532,25.291851485330234,linear,94.65233754757637,NA,NA,NA,NA,0.018771859965018345,0.011013774729503753,-0.0028151385048090123,0.0403588584348457,1989,26.210870387666688,0.3701733623145684,25.485330597530133,26.936410177803243,25.27777579280619,25.49364577750446
Mediterranean,Harvest,6,25.404482645120343,25.291851485330234,linear,94.65233754757637,NA,NA,NA,NA,0.018771859965018345,0.011013774729503753,-0.0028151385048090123,0.0403588584348457,1990,23.94223623162232,0.4298286811995066,23.099772016471288,24.784700446773353,25.27496065430138,25.534004635939308
Mediterranean,Harvest,7,25.42325450508536,25.291851485330234,linear,94.65233754757637,NA,NA,NA,NA,0.018771859965018345,0.011013774729503753,-0.0028151385048090123,0.0403588584348457,1991,25.743573221573648,0.45558082890469426,24.85063479692045,26.63651164622685,25.27214551579657,25.574363494374154
Mediterranean,Harvest,8,25.442026365050378,25.291851485330234,linear,94.65233754757637,NA,NA,NA,NA,0.018771859965018345,0.011013774729503753,-0.0028151385048090123,0.0403588584348457,1992,24.37965758490803,0.423691353347479,23.549222532346977,25.21009263746909,25.269330377291762,25.614722352809
Mediterranean,Harvest,9,25.460798225015395,25.291851485330234,linear,94.65233754757637,NA,NA,NA,NA,0.018771859965018345,0.011013774729503753,-0.0028151385048090123,0.0403588584348457,1993,25.7895040729386,0.4203322307526618,24.965652900663382,26.613355245213818,25.266515238786955,25.655081211243846
Mediterranean,Harvest,10,25.479570084980416,25.291851485330234,linear,94.65233754757637,NA,NA,NA,NA,0.018771859965018345,0.011013774729503753,-0.0028151385048090123,0.0403588584348457,1994,24.179963036871616,0.49687571837898864,23.2060866288488,25.15383944489443,25.263700100282144,25.695440069678693
Mediterranean,Harvest,11,25.498341944945434,25.291851485330234,linear,94.65233754757637,NA,NA,NA,NA,0.018771859965018345,0.011013774729503753,-0.0028151385048090123,0.0403588584348457,1995,25.208482286583223,0.38553835548114257,24.452827109840182,25.964137463326264,25.260884961777336,25.735798928113535
Mediterranean,Harvest,12,25.51711380491045,25.291851485330234,linear,94.65233754757637,NA,NA,NA,NA,0.018771859965018345,0.011013774729503753,-0.0028151385048090123,0.0403588584348457,1996,25.733768618779603,0.4543565588110685,24.84322976350991,26.624307474049296,25.258069823272525,25.77615778654838
Mediterranean,Harvest,13,25.53588566487547,25.291851485330234,linear,94.65233754757637,NA,NA,NA,NA,0.018771859965018345,0.011013774729503753,-0.0028151385048090123,0.0403588584348457,1997,25.367548916481695,0.37050065597854226,24.641367630763753,26.093730202199637,25.255254684767717,25.816516644983228
Mediterranean,Harvest,14,25.55465752484049,25.291851485330234,linear,94.65233754757637,NA,NA,NA,NA,0.018771859965018345,0.011013774729503753,-0.0028151385048090123,0.0403588584348457,1998,25.33312221766405,0.4494471741483768,24.452205756333232,26.21403867899487,25.25243954626291,25.856875503418074
Mediterranean,Harvest,15,25.573429384805507,25.291851485330234,linear,94.65233754757637,NA,NA,NA,NA,0.018771859965018345,0.011013774729503753,-0.0028151385048090123,0.0403588584348457,1999,26.732443718883545,0.40408214957217825,25.940442705722074,27.524444732045016,25.2496244077581,25.89723436185292
Mediterranean,Harvest,16,25.592201244770525,25.291851485330234,linear,94.65233754757637,NA,NA,NA,NA,0.018771859965018345,0.011013774729503753,-0.0028151385048090123,0.0403588584348457,2000,25.110241374119028,0.41359186644224755,24.29960131589222,25.920881432345833,25.24680926925329,25.937593220287766
Mediterranean,Harvest,17,25.610973104735542,25.291851485330234,linear,94.65233754757637,NA,NA,NA,NA,0.018771859965018345,0.011013774729503753,-0.0028151385048090123,0.0403588584348457,2001,26.470690909563043,0.4205365123689062,25.646439345319987,27.2949424738061,25.24399413074848,25.977952078722613
Mediterranean,Harvest,18,25.62974496470056,25.291851485330234,linear,94.65233754757637,NA,NA,NA,NA,0.018771859965018345,0.011013774729503753,-0.0028151385048090123,0.0403588584348457,2002,25.951797469400365,0.4323494625090016,25.104392522882723,26.799202415918007,25.241178992243672,26.018310937157455
Mediterranean,Harvest,19,25.64851682466558,25.291851485330234,linear,94.65233754757637,NA,NA,NA,NA,0.018771859965018345,0.011013774729503753,-0.0028151385048090123,0.0403588584348457,2003,24.27799308562891,0.42477093903575297,23.44544204511884,25.11054412613899,25.238363853738864,26.0586697955923
Mediterranean,Harvest,20,25.6672886846306,25.291851485330234,linear,94.65233754757637,NA,NA,NA,NA,0.018771859965018345,0.011013774729503753,-0.0028151385048090123,0.0403588584348457,2004,26.184803795412723,0.41497934403234865,25.37144428110932,26.998163309716126,25.235548715234053,26.099028654027148
Mediterranean,Harvest,21,25.686060544595616,25.291851485330234,linear,94.65233754757637,NA,NA,NA,NA,0.018771859965018345,0.011013774729503753,-0.0028151385048090123,0.0403588584348457,2005,26.60480475920801,0.32580361359352294,25.96622967656471,27.243379841851315,25.232733576729245,26.139387512461994
Mediterranean,Harvest,22,25.704832404560634,25.291851485330234,linear,94.65233754757637,NA,NA,NA,NA,0.018771859965018345,0.011013774729503753,-0.0028151385048090123,0.0403588584348457,2006,25.96515310718232,0.48433500662338863,25.015856494200477,26.914449720164164,25.229918438224434,26.17974637089684
Mediterranean,Harvest,23,25.723604264525655,25.291851485330234,linear,94.65233754757637,NA,NA,NA,NA,0.018771859965018345,0.011013774729503753,-0.0028151385048090123,0.0403588584348457,2007,25.853129040632854,0.4001302270466032,25.068873795621517,26.6373842856442,25.227103299719627,26.220105229331686
Mediterranean,Harvest,24,25.742376124490672,25.291851485330234,linear,94.65233754757637,NA,NA,NA,NA,0.018771859965018345,0.011013774729503753,-0.0028151385048090123,0.0403588584348457,2008,26.688426104770745,0.45884032247277046,25.789099072724113,27.587753136817376,25.22428816121482,26.260464087766533
Mediterranean,Harvest,25,25.76114798445569,25.291851485330234,linear,94.65233754757637,NA,NA,NA,NA,0.018771859965018345,0.011013774729503753,-0.0028151385048090123,0.0403588584348457,2009,25.527289753806528,0.4426964718829513,24.659604668915943,26.394974838697113,25.221473022710008,26.300822946201375
Mediterranean,Harvest,26,25.779919844420707,25.291851485330234,linear,94.65233754757637,NA,NA,NA,NA,0.018771859965018345,0.011013774729503753,-0.0028151385048090123,0.0403588584348457,2010,26.123515341665527,0.482078938548543,25.178640622110382,27.068390061220672,25.2186578842052,26.34118180463622
Mediterranean,Harvest,27,25.79869170438573,25.291851485330234,linear,94.65233754757637,NA,NA,NA,NA,0.018771859965018345,0.011013774729503753,-0.0028151385048090123,0.0403588584348457,2011,25.83804351699143,0.449535599830833,24.956953741323,26.719133292659865,25.215842745700392,26.381540663071068
Mediterranean,Harvest,28,25.817463564350746,25.291851485330234,linear,94.65233754757637,NA,NA,NA,NA,0.018771859965018345,0.011013774729503753,-0.0028151385048090123,0.0403588584348457,2012,25.144987059169093,0.3543335513154502,24.45049329859081,25.839480819747376,25.21302760719558,26.421899521505914
Mediterranean,Harvest,29,25.836235424315763,25.291851485330234,linear,94.65233754757637,NA,NA,NA,NA,0.018771859965018345,0.011013774729503753,-0.0028151385048090123,0.0403588584348457,2013,27.22109070649499,0.430867864662193,26.376589691757097,28.06559172123289,25.210212468690774,26.46225837994076
Mediterranean,Harvest,30,25.85500728428078,25.291851485330234,linear,94.65233754757637,NA,NA,NA,NA,0.018771859965018345,0.011013774729503753,-0.0028151385048090123,0.0403588584348457,2014,26.647152657730157,0.4639308626010279,25.73784816703214,27.556457148428173,25.207397330185962,26.502617238375606
Mediterranean,Harvest,31,25.873779144245802,25.291851485330234,linear,94.65233754757637,NA,NA,NA,NA,0.018771859965018345,0.011013774729503753,-0.0028151385048090123,0.0403588584348457,2015,25.314197601903174,0.39779580801148207,24.53451781820067,26.09387738560568,25.204582191681155,26.54297609681045
Mediterranean,Harvest,32,25.89255100421082,25.291851485330234,linear,94.65233754757637,NA,NA,NA,NA,0.018771859965018345,0.011013774729503753,-0.0028151385048090123,0.0403588584348457,2016,25.40073957954027,0.42809180397418056,24.56167964375088,26.239799515329665,25.201767053176347,26.583334955245295
Mediterranean,Harvest,33,25.911322864175837,25.291851485330234,linear,94.65233754757637,NA,NA,NA,NA,0.018771859965018345,0.011013774729503753,-0.0028151385048090123,0.0403588584348457,2017,25.260604685465175,0.3982410646830822,24.480052198686337,26.041157172244016,25.198951914671536,26.62369381368014
Mediterranean,Harvest,34,25.930094724140854,25.291851485330234,linear,94.65233754757637,NA,NA,NA,NA,0.018771859965018345,0.011013774729503753,-0.0028151385048090123,0.0403588584348457,2018,26.390164541530368,0.46581888865345783,25.47715951976959,27.303169563291146,25.19613677616673,26.664052672114988
Mediterranean,Harvest,35,25.948866584105872,25.291851485330234,linear,94.65233754757637,NA,NA,NA,NA,0.018771859965018345,0.011013774729503753,-0.0028151385048090123,0.0403588584348457,2019,24.339052373217505,0.39193689490198175,23.57085605920962,25.10724868722539,25.193321637661917,26.704411530549834
Mediterranean,Harvest,36,25.967638444070893,25.291851485330234,linear,94.65233754757637,NA,NA,NA,NA,0.018771859965018345,0.011013774729503753,-0.0028151385048090123,0.0403588584348457,2020,25.66980242468307,0.4871579428071297,24.714972856781095,26.624631992585044,25.19050649915711,26.74477038898468
Mediterranean,Harvest,37,25.98641030403591,25.291851485330234,linear,94.65233754757637,NA,NA,NA,NA,0.018771859965018345,0.011013774729503753,-0.0028151385048090123,0.0403588584348457,2021,26.17400888325829,0.4504823251323404,25.2910635259989,27.056954240517676,25.187691360652302,26.785129247419526
Mediterranean,Harvest,38,26.005182164000928,25.291851485330234,linear,94.65233754757637,NA,NA,NA,NA,0.018771859965018345,0.011013774729503753,-0.0028151385048090123,0.0403588584348457,2022,25.72485539657023,0.3034472738503483,25.13009873982355,26.319612053316913,25.18487622214749,26.82548810585437
Mediterranean,Harvest,39,26.023954023965945,25.291851485330234,linear,94.65233754757637,NA,NA,NA,NA,0.018771859965018345,0.011013774729503753,-0.0028151385048090123,0.0403588584348457,2023,26.5584271003519,0.4838316651075319,25.610117036741137,27.50673716396266,25.182061083642683,26.865846964289215
